//,Mov_No,Scene_Title
,Mov_Op,オープニング
,Mov_End,エンディング
,Mov_00,王国の眺め
,Mov_01,王国の眺め
,Mov_02,王国の眺め
,Mov_03,王国の眺め
,Mov_04,王国の眺め
,Mov_05,王国の眺め
,Mov_06,ハウザーの解説、世界１
,Mov_08,ハウザーの解説、世界２
,Mov_09,オニーキングの登場
,Mov_11,后、アプリコットの登場
,Mov_13,メス猫１匹とオス猫１匹
,Mov_14,ハウザーの解説、世界３
,Mov_15,ドブロークの登場
,Mov_16,ドブロークの攻略
,Mov_17,后、スカーレットの登場
,Mov_18,メス猫２匹とオス猫１匹
,Mov_19,シシカバブウの登場
,Mov_20,シシカバブウの攻略
,Mov_21,后、スプモーニの登場
,Mov_22,メス猫３匹とオス猫１匹
,Mov_23,フライングマシンの設計図
,Mov_26,オムレット兵、忍び寄る１
,Mov_27,オムレット兵、忍び寄る２
,Mov_28,オムレット兵、忍び寄る３
,Mov_29,オムレットの攻略
,Mov_31,后、シズカの登場
,Mov_32,メス猫４匹とオス猫１匹
,Mov_33,ティービーランチの登場
,Mov_34,ティービーランチの攻略
,Mov_35,后、ココモパインの登場
,Mov_36,メス猫５匹とオス猫１匹
,Mov_37,ロングソバージュの登場
,Mov_38,ロングソバージュの攻略
,Mov_39,后、フェルネの登場
,Mov_40,メス猫６匹とオス猫１匹
,Mov_41,ジャンボチャンプルン♪の登場
,Mov_42,ジャンボチャンプルン♪の攻略
,Mov_43,后、マーテルデイジーの登場
,Mov_44,メス猫７匹とオス猫１匹
,Mov_44A,全国統一と大地震
,Mov_45,フライングマシンの完成
,Mov_45A,后達の葛藤
,Mov_57,巨大ネズミの登場
,Mov_58,巨大ネズミの攻略
,m00B,0
,sp,スペシャルムービー
END,,
